Job Role,Skills Required,Resume Text
UI/UX Designer,"Figma, Prototyping, User Research, Wireframing","UI/UX Designer with experience in Figma, Prototyping, User Research, Wireframing. Seeking opportunities to leverage expertise."
Cybersecurity Analyst,"Penetration Testing, Network Security, Encryption, SIEM, Firewalls","Cybersecurity Analyst with experience in Penetration Testing, Network Security, Encryption, SIEM, Firewalls. Seeking opportunities to leverage expertise."
Cybersecurity Analyst,"Network Security, Encryption, Firewalls, SIEM, Penetration Testing","Cybersecurity Analyst with experience in Network Security, Encryption, Firewalls, SIEM, Penetration Testing. Seeking opportunities to leverage expertise."
Digital Marketer,"Content Marketing, SEO, Analytics, Facebook Ads","Digital Marketer with experience in Content Marketing, SEO, Analytics, Facebook Ads. Seeking opportunities to leverage expertise."
Software Engineer,"Spring Boot, Python, AWS, Java, Docker","Software Engineer with experience in Spring Boot, Python, AWS, Java, Docker. Seeking opportunities to leverage expertise."
DevOps Engineer,"Terraform, Linux, AWS, Jenkins, Kubernetes","DevOps Engineer with experience in Terraform, Linux, AWS, Jenkins, Kubernetes. Seeking opportunities to leverage expertise."
Cybersecurity Analyst,"Firewalls, SIEM, Encryption, Network Security","Cybersecurity Analyst with experience in Firewalls, SIEM, Encryption, Network Security. Seeking opportunities to leverage expertise."
Digital Marketer,"Facebook Ads, SEO, Content Marketing, Google Ads","Digital Marketer with experience in Facebook Ads, SEO, Content Marketing, Google Ads. Seeking opportunities to leverage expertise."
Data Scientist,"Deep Learning, TensorFlow, SQL","Data Scientist with experience in Deep Learning, TensorFlow, SQL. Seeking opportunities to leverage expertise."
Cybersecurity Analyst,"Encryption, Firewalls, SIEM, Penetration Testing","Cybersecurity Analyst with experience in Encryption, Firewalls, SIEM, Penetration Testing. Seeking opportunities to leverage expertise."
Data Scientist,"Machine Learning, Python, Pandas","Data Scientist with experience in Machine Learning, Python, Pandas. Seeking opportunities to leverage expertise."
Cybersecurity Analyst,"Penetration Testing, SIEM, Network Security, Encryption","Cybersecurity Analyst with experience in Penetration Testing, SIEM, Network Security, Encryption. Seeking opportunities to leverage expertise."
Software Engineer,"Spring Boot, Python, AWS, Microservices, Docker","Software Engineer with experience in Spring Boot, Python, AWS, Microservices, Docker. Seeking opportunities to leverage expertise."
Software Engineer,"AWS, Docker, Python, Spring Boot, Microservices","Software Engineer with experience in AWS, Docker, Python, Spring Boot, Microservices. Seeking opportunities to leverage expertise."
DevOps Engineer,"CI/CD, AWS, Terraform, Linux, Jenkins","DevOps Engineer with experience in CI/CD, AWS, Terraform, Linux, Jenkins. Seeking opportunities to leverage expertise."
Business Analyst,"Excel, SQL, Statistics, Data Visualization","Business Analyst with experience in Excel, SQL, Statistics, Data Visualization. Seeking opportunities to leverage expertise."
DevOps Engineer,"Jenkins, CI/CD, AWS, Terraform","DevOps Engineer with experience in Jenkins, CI/CD, AWS, Terraform. Seeking opportunities to leverage expertise."
DevOps Engineer,"Kubernetes, AWS, Terraform, CI/CD, Linux","DevOps Engineer with experience in Kubernetes, AWS, Terraform, CI/CD, Linux. Seeking opportunities to leverage expertise."
Digital Marketer,"Analytics, Google Ads, SEO","Digital Marketer with experience in Analytics, Google Ads, SEO. Seeking opportunities to leverage expertise."
Cybersecurity Analyst,"Penetration Testing, SIEM, Encryption","Cybersecurity Analyst with experience in Penetration Testing, SIEM, Encryption. Seeking opportunities to leverage expertise."
Software Engineer,"Docker, Microservices, Python","Software Engineer with experience in Docker, Microservices, Python. Seeking opportunities to leverage expertise."
Digital Marketer,"Content Marketing, SEO, Facebook Ads, Analytics, Google Ads","Digital Marketer with experience in Content Marketing, SEO, Facebook Ads, Analytics, Google Ads. Seeking opportunities to leverage expertise."
Business Analyst,"Statistics, Excel, Tableau","Business Analyst with experience in Statistics, Excel, Tableau. Seeking opportunities to leverage expertise."
DevOps Engineer,"Jenkins, Linux, CI/CD, AWS","DevOps Engineer with experience in Jenkins, Linux, CI/CD, AWS. Seeking opportunities to leverage expertise."
Business Analyst,"SQL, Statistics, Tableau, Power BI, Excel","Business Analyst with experience in SQL, Statistics, Tableau, Power BI, Excel. Seeking opportunities to leverage expertise."
Software Engineer,"AWS, Java, Microservices, Spring Boot, Docker","Software Engineer with experience in AWS, Java, Microservices, Spring Boot, Docker. Seeking opportunities to leverage expertise."
Cybersecurity Analyst,"Network Security, SIEM, Encryption, Penetration Testing, Firewalls","Cybersecurity Analyst with experience in Network Security, SIEM, Encryption, Penetration Testing, Firewalls. Seeking opportunities to leverage expertise."
UI/UX Designer,"Wireframing, Figma, Adobe XD","UI/UX Designer with experience in Wireframing, Figma, Adobe XD. Seeking opportunities to leverage expertise."
Software Engineer,"Java, Python, Spring Boot, Docker","Software Engineer with experience in Java, Python, Spring Boot, Docker. Seeking opportunities to leverage expertise."
Business Analyst,"Data Visualization, Power BI, Tableau, SQL","Business Analyst with experience in Data Visualization, Power BI, Tableau, SQL. Seeking opportunities to leverage expertise."
Cybersecurity Analyst,"Network Security, SIEM, Penetration Testing, Firewalls, Encryption","Cybersecurity Analyst with experience in Network Security, SIEM, Penetration Testing, Firewalls, Encryption. Seeking opportunities to leverage expertise."
HR Manager,"Training & Development, Recruitment, Employee Relations, Compliance","HR Manager with experience in Training & Development, Recruitment, Employee Relations, Compliance. Seeking opportunities to leverage expertise."
Software Engineer,"Docker, AWS, Python, Java","Software Engineer with experience in Docker, AWS, Python, Java. Seeking opportunities to leverage expertise."
DevOps Engineer,"CI/CD, Linux, Terraform","DevOps Engineer with experience in CI/CD, Linux, Terraform. Seeking opportunities to leverage expertise."
DevOps Engineer,"Jenkins, Linux, Kubernetes, AWS","DevOps Engineer with experience in Jenkins, Linux, Kubernetes, AWS. Seeking opportunities to leverage expertise."
DevOps Engineer,"Kubernetes, AWS, Jenkins, Linux, CI/CD","DevOps Engineer with experience in Kubernetes, AWS, Jenkins, Linux, CI/CD. Seeking opportunities to leverage expertise."
HR Manager,"Compliance, Employee Relations, Training & Development, Payroll","HR Manager with experience in Compliance, Employee Relations, Training & Development, Payroll. Seeking opportunities to leverage expertise."
HR Manager,"Recruitment, Employee Relations, Training & Development","HR Manager with experience in Recruitment, Employee Relations, Training & Development. Seeking opportunities to leverage expertise."
Digital Marketer,"SEO, Facebook Ads, Content Marketing, Google Ads","Digital Marketer with experience in SEO, Facebook Ads, Content Marketing, Google Ads. Seeking opportunities to leverage expertise."
HR Manager,"Payroll, Compliance, Employee Relations, Training & Development, Recruitment","HR Manager with experience in Payroll, Compliance, Employee Relations, Training & Development, Recruitment. Seeking opportunities to leverage expertise."
Cybersecurity Analyst,"Network Security, Firewalls, Encryption, SIEM, Penetration Testing","Cybersecurity Analyst with experience in Network Security, Firewalls, Encryption, SIEM, Penetration Testing. Seeking opportunities to leverage expertise."
DevOps Engineer,"Terraform, Linux, Kubernetes, AWS","DevOps Engineer with experience in Terraform, Linux, Kubernetes, AWS. Seeking opportunities to leverage expertise."
Data Scientist,"SQL, Machine Learning, Deep Learning, Pandas, TensorFlow","Data Scientist with experience in SQL, Machine Learning, Deep Learning, Pandas, TensorFlow. Seeking opportunities to leverage expertise."
HR Manager,"Payroll, Training & Development, Employee Relations","HR Manager with experience in Payroll, Training & Development, Employee Relations. Seeking opportunities to leverage expertise."
HR Manager,"Employee Relations, Training & Development, Payroll","HR Manager with experience in Employee Relations, Training & Development, Payroll. Seeking opportunities to leverage expertise."
Digital Marketer,"Google Ads, Analytics, Facebook Ads, Content Marketing, SEO","Digital Marketer with experience in Google Ads, Analytics, Facebook Ads, Content Marketing, SEO. Seeking opportunities to leverage expertise."
Digital Marketer,"Content Marketing, Facebook Ads, Google Ads, SEO, Analytics","Digital Marketer with experience in Content Marketing, Facebook Ads, Google Ads, SEO, Analytics. Seeking opportunities to leverage expertise."
Software Engineer,"Spring Boot, AWS, Microservices","Software Engineer with experience in Spring Boot, AWS, Microservices. Seeking opportunities to leverage expertise."
Software Engineer,"Microservices, Docker, Spring Boot, Java","Software Engineer with experience in Microservices, Docker, Spring Boot, Java. Seeking opportunities to leverage expertise."
Data Scientist,"Pandas, Python, Deep Learning, Machine Learning","Data Scientist with experience in Pandas, Python, Deep Learning, Machine Learning. Seeking opportunities to leverage expertise."
Digital Marketer,"Google Ads, Facebook Ads, SEO, Analytics","Digital Marketer with experience in Google Ads, Facebook Ads, SEO, Analytics. Seeking opportunities to leverage expertise."
DevOps Engineer,"Terraform, Kubernetes, Linux, Jenkins","DevOps Engineer with experience in Terraform, Kubernetes, Linux, Jenkins. Seeking opportunities to leverage expertise."
Digital Marketer,"SEO, Google Ads, Analytics","Digital Marketer with experience in SEO, Google Ads, Analytics. Seeking opportunities to leverage expertise."
Business Analyst,"Tableau, SQL, Power BI","Business Analyst with experience in Tableau, SQL, Power BI. Seeking opportunities to leverage expertise."
Digital Marketer,"Google Ads, Content Marketing, SEO","Digital Marketer with experience in Google Ads, Content Marketing, SEO. Seeking opportunities to leverage expertise."
Software Engineer,"Spring Boot, AWS, Python, Docker, Microservices","Software Engineer with experience in Spring Boot, AWS, Python, Docker, Microservices. Seeking opportunities to leverage expertise."
DevOps Engineer,"CI/CD, Terraform, AWS, Jenkins, Linux","DevOps Engineer with experience in CI/CD, Terraform, AWS, Jenkins, Linux. Seeking opportunities to leverage expertise."
Business Analyst,"Power BI, SQL, Statistics","Business Analyst with experience in Power BI, SQL, Statistics. Seeking opportunities to leverage expertise."
Digital Marketer,"Analytics, Content Marketing, Google Ads","Digital Marketer with experience in Analytics, Content Marketing, Google Ads. Seeking opportunities to leverage expertise."
UI/UX Designer,"Adobe XD, Prototyping, Figma","UI/UX Designer with experience in Adobe XD, Prototyping, Figma. Seeking opportunities to leverage expertise."
Digital Marketer,"Content Marketing, Analytics, Google Ads, SEO","Digital Marketer with experience in Content Marketing, Analytics, Google Ads, SEO. Seeking opportunities to leverage expertise."
DevOps Engineer,"CI/CD, AWS, Jenkins","DevOps Engineer with experience in CI/CD, AWS, Jenkins. Seeking opportunities to leverage expertise."
UI/UX Designer,"Adobe XD, Figma, User Research","UI/UX Designer with experience in Adobe XD, Figma, User Research. Seeking opportunities to leverage expertise."
HR Manager,"Compliance, Recruitment, Payroll, Employee Relations, Training & Development","HR Manager with experience in Compliance, Recruitment, Payroll, Employee Relations, Training & Development. Seeking opportunities to leverage expertise."
HR Manager,"Training & Development, Recruitment, Payroll, Employee Relations","HR Manager with experience in Training & Development, Recruitment, Payroll, Employee Relations. Seeking opportunities to leverage expertise."
Business Analyst,"Tableau, Statistics, Excel, Data Visualization","Business Analyst with experience in Tableau, Statistics, Excel, Data Visualization. Seeking opportunities to leverage expertise."
Software Engineer,"Python, Microservices, AWS","Software Engineer with experience in Python, Microservices, AWS. Seeking opportunities to leverage expertise."
HR Manager,"Employee Relations, Training & Development, Compliance","HR Manager with experience in Employee Relations, Training & Development, Compliance. Seeking opportunities to leverage expertise."
DevOps Engineer,"Jenkins, Terraform, AWS, Kubernetes","DevOps Engineer with experience in Jenkins, Terraform, AWS, Kubernetes. Seeking opportunities to leverage expertise."
HR Manager,"Compliance, Training & Development, Payroll, Recruitment","HR Manager with experience in Compliance, Training & Development, Payroll, Recruitment. Seeking opportunities to leverage expertise."
Data Scientist,"Pandas, SQL, Python, TensorFlow, Machine Learning","Data Scientist with experience in Pandas, SQL, Python, TensorFlow, Machine Learning. Seeking opportunities to leverage expertise."
DevOps Engineer,"AWS, CI/CD, Jenkins, Kubernetes, Terraform","DevOps Engineer with experience in AWS, CI/CD, Jenkins, Kubernetes, Terraform. Seeking opportunities to leverage expertise."
Software Engineer,"AWS, Python, Java","Software Engineer with experience in AWS, Python, Java. Seeking opportunities to leverage expertise."
Digital Marketer,"Facebook Ads, Analytics, SEO, Content Marketing, Google Ads","Digital Marketer with experience in Facebook Ads, Analytics, SEO, Content Marketing, Google Ads. Seeking opportunities to leverage expertise."
HR Manager,"Employee Relations, Payroll, Compliance, Training & Development","HR Manager with experience in Employee Relations, Payroll, Compliance, Training & Development. Seeking opportunities to leverage expertise."
Software Engineer,"Docker, Spring Boot, AWS, Python, Java","Software Engineer with experience in Docker, Spring Boot, AWS, Python, Java. Seeking opportunities to leverage expertise."
Business Analyst,"Tableau, Data Visualization, Excel, Power BI","Business Analyst with experience in Tableau, Data Visualization, Excel, Power BI. Seeking opportunities to leverage expertise."
UI/UX Designer,"Adobe XD, User Research, Wireframing","UI/UX Designer with experience in Adobe XD, User Research, Wireframing. Seeking opportunities to leverage expertise."
HR Manager,"Recruitment, Payroll, Employee Relations","HR Manager with experience in Recruitment, Payroll, Employee Relations. Seeking opportunities to leverage expertise."
Digital Marketer,"SEO, Google Ads, Facebook Ads, Content Marketing","Digital Marketer with experience in SEO, Google Ads, Facebook Ads, Content Marketing. Seeking opportunities to leverage expertise."
HR Manager,"Employee Relations, Compliance, Training & Development, Payroll, Recruitment","HR Manager with experience in Employee Relations, Compliance, Training & Development, Payroll, Recruitment. Seeking opportunities to leverage expertise."
DevOps Engineer,"Jenkins, Terraform, Kubernetes","DevOps Engineer with experience in Jenkins, Terraform, Kubernetes. Seeking opportunities to leverage expertise."
DevOps Engineer,"CI/CD, Jenkins, Terraform","DevOps Engineer with experience in CI/CD, Jenkins, Terraform. Seeking opportunities to leverage expertise."
DevOps Engineer,"Terraform, CI/CD, AWS, Jenkins, Linux","DevOps Engineer with experience in Terraform, CI/CD, AWS, Jenkins, Linux. Seeking opportunities to leverage expertise."
Digital Marketer,"Google Ads, Analytics, Content Marketing, SEO","Digital Marketer with experience in Google Ads, Analytics, Content Marketing, SEO. Seeking opportunities to leverage expertise."
HR Manager,"Training & Development, Compliance, Employee Relations, Payroll, Recruitment","HR Manager with experience in Training & Development, Compliance, Employee Relations, Payroll, Recruitment. Seeking opportunities to leverage expertise."
Cybersecurity Analyst,"SIEM, Encryption, Penetration Testing, Firewalls","Cybersecurity Analyst with experience in SIEM, Encryption, Penetration Testing, Firewalls. Seeking opportunities to leverage expertise."
Digital Marketer,"SEO, Content Marketing, Facebook Ads, Analytics, Google Ads","Digital Marketer with experience in SEO, Content Marketing, Facebook Ads, Analytics, Google Ads. Seeking opportunities to leverage expertise."
Cybersecurity Analyst,"Encryption, Firewalls, SIEM, Network Security","Cybersecurity Analyst with experience in Encryption, Firewalls, SIEM, Network Security. Seeking opportunities to leverage expertise."
Digital Marketer,"Google Ads, Content Marketing, SEO, Facebook Ads","Digital Marketer with experience in Google Ads, Content Marketing, SEO, Facebook Ads. Seeking opportunities to leverage expertise."
Software Engineer,"Microservices, AWS, Python, Java, Docker","Software Engineer with experience in Microservices, AWS, Python, Java, Docker. Seeking opportunities to leverage expertise."
DevOps Engineer,"Jenkins, Linux, Kubernetes, CI/CD, AWS","DevOps Engineer with experience in Jenkins, Linux, Kubernetes, CI/CD, AWS. Seeking opportunities to leverage expertise."
UI/UX Designer,"Figma, Wireframing, Prototyping, Adobe XD","UI/UX Designer with experience in Figma, Wireframing, Prototyping, Adobe XD. Seeking opportunities to leverage expertise."
HR Manager,"Compliance, Recruitment, Training & Development, Payroll, Employee Relations","HR Manager with experience in Compliance, Recruitment, Training & Development, Payroll, Employee Relations. Seeking opportunities to leverage expertise."
Business Analyst,"Power BI, Excel, Tableau","Business Analyst with experience in Power BI, Excel, Tableau. Seeking opportunities to leverage expertise."
Digital Marketer,"Content Marketing, Analytics, Facebook Ads","Digital Marketer with experience in Content Marketing, Analytics, Facebook Ads. Seeking opportunities to leverage expertise."
Cybersecurity Analyst,"Penetration Testing, Firewalls, Encryption","Cybersecurity Analyst with experience in Penetration Testing, Firewalls, Encryption. Seeking opportunities to leverage expertise."
DevOps Engineer,"Jenkins, AWS, CI/CD, Kubernetes, Linux","DevOps Engineer with experience in Jenkins, AWS, CI/CD, Kubernetes, Linux. Seeking opportunities to leverage expertise."
Data Scientist,"TensorFlow, SQL, Pandas, Deep Learning, Python","Data Scientist with experience in TensorFlow, SQL, Pandas, Deep Learning, Python. Seeking opportunities to leverage expertise."
DevOps Engineer,"Kubernetes, Jenkins, AWS, CI/CD","DevOps Engineer with experience in Kubernetes, Jenkins, AWS, CI/CD. Seeking opportunities to leverage expertise."
Data Scientist,"Pandas, Deep Learning, TensorFlow, Machine Learning","Data Scientist with experience in Pandas, Deep Learning, TensorFlow, Machine Learning. Seeking opportunities to leverage expertise."
DevOps Engineer,"Jenkins, CI/CD, Terraform","DevOps Engineer with experience in Jenkins, CI/CD, Terraform. Seeking opportunities to leverage expertise."
Data Scientist,"TensorFlow, Machine Learning, Deep Learning","Data Scientist with experience in TensorFlow, Machine Learning, Deep Learning. Seeking opportunities to leverage expertise."
DevOps Engineer,"Terraform, Linux, Kubernetes","DevOps Engineer with experience in Terraform, Linux, Kubernetes. Seeking opportunities to leverage expertise."
HR Manager,"Employee Relations, Compliance, Payroll","HR Manager with experience in Employee Relations, Compliance, Payroll. Seeking opportunities to leverage expertise."
Digital Marketer,"SEO, Google Ads, Facebook Ads","Digital Marketer with experience in SEO, Google Ads, Facebook Ads. Seeking opportunities to leverage expertise."
Business Analyst,"SQL, Power BI, Excel, Tableau","Business Analyst with experience in SQL, Power BI, Excel, Tableau. Seeking opportunities to leverage expertise."
Business Analyst,"SQL, Excel, Statistics, Power BI, Data Visualization","Business Analyst with experience in SQL, Excel, Statistics, Power BI, Data Visualization. Seeking opportunities to leverage expertise."
Digital Marketer,"Google Ads, Content Marketing, Facebook Ads, Analytics","Digital Marketer with experience in Google Ads, Content Marketing, Facebook Ads, Analytics. Seeking opportunities to leverage expertise."
Business Analyst,"Data Visualization, SQL, Tableau, Statistics, Power BI","Business Analyst with experience in Data Visualization, SQL, Tableau, Statistics, Power BI. Seeking opportunities to leverage expertise."
HR Manager,"Training & Development, Employee Relations, Recruitment","HR Manager with experience in Training & Development, Employee Relations, Recruitment. Seeking opportunities to leverage expertise."
Digital Marketer,"Analytics, SEO, Google Ads, Facebook Ads","Digital Marketer with experience in Analytics, SEO, Google Ads, Facebook Ads. Seeking opportunities to leverage expertise."
Data Scientist,"Python, Machine Learning, TensorFlow, Pandas","Data Scientist with experience in Python, Machine Learning, TensorFlow, Pandas. Seeking opportunities to leverage expertise."
DevOps Engineer,"AWS, Terraform, Kubernetes","DevOps Engineer with experience in AWS, Terraform, Kubernetes. Seeking opportunities to leverage expertise."
Cybersecurity Analyst,"Network Security, Encryption, Penetration Testing","Cybersecurity Analyst with experience in Network Security, Encryption, Penetration Testing. Seeking opportunities to leverage expertise."
Business Analyst,"Power BI, Tableau, Data Visualization, SQL, Excel","Business Analyst with experience in Power BI, Tableau, Data Visualization, SQL, Excel. Seeking opportunities to leverage expertise."
Software Engineer,"Java, Docker, AWS","Software Engineer with experience in Java, Docker, AWS. Seeking opportunities to leverage expertise."
UI/UX Designer,"Adobe XD, Wireframing, User Research, Figma","UI/UX Designer with experience in Adobe XD, Wireframing, User Research, Figma. Seeking opportunities to leverage expertise."
HR Manager,"Training & Development, Payroll, Employee Relations","HR Manager with experience in Training & Development, Payroll, Employee Relations. Seeking opportunities to leverage expertise."
Data Scientist,"Machine Learning, Pandas, Python","Data Scientist with experience in Machine Learning, Pandas, Python. Seeking opportunities to leverage expertise."
Digital Marketer,"SEO, Analytics, Google Ads, Facebook Ads","Digital Marketer with experience in SEO, Analytics, Google Ads, Facebook Ads. Seeking opportunities to leverage expertise."
Data Scientist,"Deep Learning, Pandas, Python","Data Scientist with experience in Deep Learning, Pandas, Python. Seeking opportunities to leverage expertise."
Software Engineer,"Spring Boot, Docker, Python, Microservices","Software Engineer with experience in Spring Boot, Docker, Python, Microservices. Seeking opportunities to leverage expertise."
Software Engineer,"Python, Spring Boot, Microservices, Java, Docker","Software Engineer with experience in Python, Spring Boot, Microservices, Java, Docker. Seeking opportunities to leverage expertise."
Software Engineer,"Java, Spring Boot, Python, Microservices","Software Engineer with experience in Java, Spring Boot, Python, Microservices. Seeking opportunities to leverage expertise."
UI/UX Designer,"User Research, Wireframing, Prototyping, Adobe XD","UI/UX Designer with experience in User Research, Wireframing, Prototyping, Adobe XD. Seeking opportunities to leverage expertise."
Business Analyst,"Tableau, Power BI, Data Visualization, SQL, Excel","Business Analyst with experience in Tableau, Power BI, Data Visualization, SQL, Excel. Seeking opportunities to leverage expertise."
Business Analyst,"Excel, Power BI, Statistics, SQL, Data Visualization","Business Analyst with experience in Excel, Power BI, Statistics, SQL, Data Visualization. Seeking opportunities to leverage expertise."
HR Manager,"Compliance, Training & Development, Payroll, Recruitment","HR Manager with experience in Compliance, Training & Development, Payroll, Recruitment. Seeking opportunities to leverage expertise."
Digital Marketer,"SEO, Analytics, Facebook Ads","Digital Marketer with experience in SEO, Analytics, Facebook Ads. Seeking opportunities to leverage expertise."
UI/UX Designer,"User Research, Adobe XD, Wireframing, Figma, Prototyping","UI/UX Designer with experience in User Research, Adobe XD, Wireframing, Figma, Prototyping. Seeking opportunities to leverage expertise."
Digital Marketer,"Google Ads, SEO, Facebook Ads","Digital Marketer with experience in Google Ads, SEO, Facebook Ads. Seeking opportunities to leverage expertise."
Software Engineer,"Python, Spring Boot, AWS, Microservices, Docker","Software Engineer with experience in Python, Spring Boot, AWS, Microservices, Docker. Seeking opportunities to leverage expertise."
Cybersecurity Analyst,"Firewalls, Network Security, Encryption, Penetration Testing, SIEM","Cybersecurity Analyst with experience in Firewalls, Network Security, Encryption, Penetration Testing, SIEM. Seeking opportunities to leverage expertise."
Data Scientist,"Deep Learning, SQL, TensorFlow","Data Scientist with experience in Deep Learning, SQL, TensorFlow. Seeking opportunities to leverage expertise."
DevOps Engineer,"AWS, Jenkins, Kubernetes, Linux","DevOps Engineer with experience in AWS, Jenkins, Kubernetes, Linux. Seeking opportunities to leverage expertise."
Business Analyst,"Statistics, Tableau, Excel, Power BI, Data Visualization","Business Analyst with experience in Statistics, Tableau, Excel, Power BI, Data Visualization. Seeking opportunities to leverage expertise."
UI/UX Designer,"Figma, Wireframing, User Research, Prototyping, Adobe XD","UI/UX Designer with experience in Figma, Wireframing, User Research, Prototyping, Adobe XD. Seeking opportunities to leverage expertise."
Business Analyst,"Statistics, SQL, Excel, Power BI, Data Visualization","Business Analyst with experience in Statistics, SQL, Excel, Power BI, Data Visualization. Seeking opportunities to leverage expertise."
Cybersecurity Analyst,"Firewalls, Encryption, SIEM","Cybersecurity Analyst with experience in Firewalls, Encryption, SIEM. Seeking opportunities to leverage expertise."
Software Engineer,"Java, Docker, Microservices, AWS","Software Engineer with experience in Java, Docker, Microservices, AWS. Seeking opportunities to leverage expertise."
Cybersecurity Analyst,"SIEM, Penetration Testing, Firewalls","Cybersecurity Analyst with experience in SIEM, Penetration Testing, Firewalls. Seeking opportunities to leverage expertise."
Software Engineer,"Docker, Python, Java","Software Engineer with experience in Docker, Python, Java. Seeking opportunities to leverage expertise."
Software Engineer,"AWS, Docker, Python, Java, Microservices","Software Engineer with experience in AWS, Docker, Python, Java, Microservices. Seeking opportunities to leverage expertise."
HR Manager,"Employee Relations, Compliance, Recruitment, Training & Development, Payroll","HR Manager with experience in Employee Relations, Compliance, Recruitment, Training & Development, Payroll. Seeking opportunities to leverage expertise."
Business Analyst,"Statistics, SQL, Tableau, Excel, Power BI","Business Analyst with experience in Statistics, SQL, Tableau, Excel, Power BI. Seeking opportunities to leverage expertise."
Business Analyst,"Data Visualization, Statistics, SQL, Tableau, Excel","Business Analyst with experience in Data Visualization, Statistics, SQL, Tableau, Excel. Seeking opportunities to leverage expertise."
DevOps Engineer,"Linux, CI/CD, Kubernetes, Terraform","DevOps Engineer with experience in Linux, CI/CD, Kubernetes, Terraform. Seeking opportunities to leverage expertise."
Cybersecurity Analyst,"Network Security, Penetration Testing, Firewalls","Cybersecurity Analyst with experience in Network Security, Penetration Testing, Firewalls. Seeking opportunities to leverage expertise."
Data Scientist,"Python, SQL, TensorFlow, Machine Learning, Pandas","Data Scientist with experience in Python, SQL, TensorFlow, Machine Learning, Pandas. Seeking opportunities to leverage expertise."
Data Scientist,"Deep Learning, SQL, Python","Data Scientist with experience in Deep Learning, SQL, Python. Seeking opportunities to leverage expertise."
HR Manager,"Recruitment, Compliance, Payroll","HR Manager with experience in Recruitment, Compliance, Payroll. Seeking opportunities to leverage expertise."
DevOps Engineer,"Kubernetes, Linux, AWS","DevOps Engineer with experience in Kubernetes, Linux, AWS. Seeking opportunities to leverage expertise."
Data Scientist,"TensorFlow, Machine Learning, Deep Learning, Python, SQL","Data Scientist with experience in TensorFlow, Machine Learning, Deep Learning, Python, SQL. Seeking opportunities to leverage expertise."
Cybersecurity Analyst,"Firewalls, Penetration Testing, Network Security, Encryption","Cybersecurity Analyst with experience in Firewalls, Penetration Testing, Network Security, Encryption. Seeking opportunities to leverage expertise."
UI/UX Designer,"Prototyping, Figma, Adobe XD, User Research, Wireframing","UI/UX Designer with experience in Prototyping, Figma, Adobe XD, User Research, Wireframing. Seeking opportunities to leverage expertise."
Cybersecurity Analyst,"Network Security, Firewalls, SIEM, Penetration Testing","Cybersecurity Analyst with experience in Network Security, Firewalls, SIEM, Penetration Testing. Seeking opportunities to leverage expertise."
HR Manager,"Employee Relations, Payroll, Compliance","HR Manager with experience in Employee Relations, Payroll, Compliance. Seeking opportunities to leverage expertise."
HR Manager,"Payroll, Compliance, Training & Development, Employee Relations, Recruitment","HR Manager with experience in Payroll, Compliance, Training & Development, Employee Relations, Recruitment. Seeking opportunities to leverage expertise."
UI/UX Designer,"Wireframing, Adobe XD, Prototyping, User Research, Figma","UI/UX Designer with experience in Wireframing, Adobe XD, Prototyping, User Research, Figma. Seeking opportunities to leverage expertise."
Business Analyst,"Data Visualization, Statistics, Excel, Tableau, Power BI","Business Analyst with experience in Data Visualization, Statistics, Excel, Tableau, Power BI. Seeking opportunities to leverage expertise."
Cybersecurity Analyst,"Network Security, SIEM, Encryption, Firewalls, Penetration Testing","Cybersecurity Analyst with experience in Network Security, SIEM, Encryption, Firewalls, Penetration Testing. Seeking opportunities to leverage expertise."
Data Scientist,"SQL, Machine Learning, Pandas","Data Scientist with experience in SQL, Machine Learning, Pandas. Seeking opportunities to leverage expertise."
DevOps Engineer,"AWS, Jenkins, Kubernetes, Terraform","DevOps Engineer with experience in AWS, Jenkins, Kubernetes, Terraform. Seeking opportunities to leverage expertise."
Data Scientist,"Deep Learning, SQL, Machine Learning, Pandas, Python","Data Scientist with experience in Deep Learning, SQL, Machine Learning, Pandas, Python. Seeking opportunities to leverage expertise."
Business Analyst,"Power BI, Data Visualization, SQL, Excel, Statistics","Business Analyst with experience in Power BI, Data Visualization, SQL, Excel, Statistics. Seeking opportunities to leverage expertise."
UI/UX Designer,"Adobe XD, Figma, Wireframing, Prototyping, User Research","UI/UX Designer with experience in Adobe XD, Figma, Wireframing, Prototyping, User Research. Seeking opportunities to leverage expertise."
UI/UX Designer,"Figma, Prototyping, User Research, Adobe XD","UI/UX Designer with experience in Figma, Prototyping, User Research, Adobe XD. Seeking opportunities to leverage expertise."
Business Analyst,"Excel, Statistics, Data Visualization","Business Analyst with experience in Excel, Statistics, Data Visualization. Seeking opportunities to leverage expertise."
Data Scientist,"Pandas, SQL, Deep Learning, Python, TensorFlow","Data Scientist with experience in Pandas, SQL, Deep Learning, Python, TensorFlow. Seeking opportunities to leverage expertise."
DevOps Engineer,"Terraform, Kubernetes, Jenkins, AWS, Linux","DevOps Engineer with experience in Terraform, Kubernetes, Jenkins, AWS, Linux. Seeking opportunities to leverage expertise."
UI/UX Designer,"Prototyping, User Research, Figma, Wireframing, Adobe XD","UI/UX Designer with experience in Prototyping, User Research, Figma, Wireframing, Adobe XD. Seeking opportunities to leverage expertise."
Data Scientist,"Python, SQL, TensorFlow, Deep Learning, Pandas","Data Scientist with experience in Python, SQL, TensorFlow, Deep Learning, Pandas. Seeking opportunities to leverage expertise."
Data Scientist,"Deep Learning, Pandas, Machine Learning, Python","Data Scientist with experience in Deep Learning, Pandas, Machine Learning, Python. Seeking opportunities to leverage expertise."
Business Analyst,"Excel, Statistics, SQL, Tableau","Business Analyst with experience in Excel, Statistics, SQL, Tableau. Seeking opportunities to leverage expertise."
Cybersecurity Analyst,"SIEM, Firewalls, Encryption, Penetration Testing, Network Security","Cybersecurity Analyst with experience in SIEM, Firewalls, Encryption, Penetration Testing, Network Security. Seeking opportunities to leverage expertise."
Software Engineer,"Python, Spring Boot, Docker, Microservices","Software Engineer with experience in Python, Spring Boot, Docker, Microservices. Seeking opportunities to leverage expertise."
Software Engineer,"Python, Spring Boot, Microservices, AWS, Docker","Software Engineer with experience in Python, Spring Boot, Microservices, AWS, Docker. Seeking opportunities to leverage expertise."
Data Scientist,"Machine Learning, Deep Learning, Python, TensorFlow, Pandas","Data Scientist with experience in Machine Learning, Deep Learning, Python, TensorFlow, Pandas. Seeking opportunities to leverage expertise."
Digital Marketer,"SEO, Analytics, Google Ads","Digital Marketer with experience in SEO, Analytics, Google Ads. Seeking opportunities to leverage expertise."
Software Engineer,"AWS, Java, Microservices, Docker, Python","Software Engineer with experience in AWS, Java, Microservices, Docker, Python. Seeking opportunities to leverage expertise."
Business Analyst,"Excel, Tableau, Statistics, Data Visualization, Power BI","Business Analyst with experience in Excel, Tableau, Statistics, Data Visualization, Power BI. Seeking opportunities to leverage expertise."
Cybersecurity Analyst,"Firewalls, Penetration Testing, Network Security, SIEM, Encryption","Cybersecurity Analyst with experience in Firewalls, Penetration Testing, Network Security, SIEM, Encryption. Seeking opportunities to leverage expertise."
Business Analyst,"SQL, Tableau, Data Visualization, Power BI","Business Analyst with experience in SQL, Tableau, Data Visualization, Power BI. Seeking opportunities to leverage expertise."
DevOps Engineer,"Jenkins, AWS, Linux, Kubernetes, Terraform","DevOps Engineer with experience in Jenkins, AWS, Linux, Kubernetes, Terraform. Seeking opportunities to leverage expertise."
HR Manager,"Payroll, Training & Development, Recruitment, Compliance","HR Manager with experience in Payroll, Training & Development, Recruitment, Compliance. Seeking opportunities to leverage expertise."
UI/UX Designer,"Prototyping, Adobe XD, Figma, Wireframing","UI/UX Designer with experience in Prototyping, Adobe XD, Figma, Wireframing. Seeking opportunities to leverage expertise."
Data Scientist,"Machine Learning, TensorFlow, Deep Learning, Pandas, SQL","Data Scientist with experience in Machine Learning, TensorFlow, Deep Learning, Pandas, SQL. Seeking opportunities to leverage expertise."
UI/UX Designer,"Adobe XD, Figma, Prototyping, User Research","UI/UX Designer with experience in Adobe XD, Figma, Prototyping, User Research. Seeking opportunities to leverage expertise."
Cybersecurity Analyst,"Encryption, Firewalls, Penetration Testing, Network Security, SIEM","Cybersecurity Analyst with experience in Encryption, Firewalls, Penetration Testing, Network Security, SIEM. Seeking opportunities to leverage expertise."
Software Engineer,"Microservices, Python, AWS","Software Engineer with experience in Microservices, Python, AWS. Seeking opportunities to leverage expertise."
HR Manager,"Compliance, Employee Relations, Payroll","HR Manager with experience in Compliance, Employee Relations, Payroll. Seeking opportunities to leverage expertise."
DevOps Engineer,"Kubernetes, Terraform, CI/CD, Jenkins, AWS","DevOps Engineer with experience in Kubernetes, Terraform, CI/CD, Jenkins, AWS. Seeking opportunities to leverage expertise."
Digital Marketer,"Google Ads, Analytics, Facebook Ads, Content Marketing","Digital Marketer with experience in Google Ads, Analytics, Facebook Ads, Content Marketing. Seeking opportunities to leverage expertise."
HR Manager,"Employee Relations, Training & Development, Recruitment, Compliance","HR Manager with experience in Employee Relations, Training & Development, Recruitment, Compliance. Seeking opportunities to leverage expertise."
Digital Marketer,"Facebook Ads, SEO, Analytics, Content Marketing, Google Ads","Digital Marketer with experience in Facebook Ads, SEO, Analytics, Content Marketing, Google Ads. Seeking opportunities to leverage expertise."
Software Engineer,"Java, Docker, Microservices, Python","Software Engineer with experience in Java, Docker, Microservices, Python. Seeking opportunities to leverage expertise."
UI/UX Designer,"User Research, Adobe XD, Wireframing, Figma, Prototyping","UI/UX Designer with experience in User Research, Adobe XD, Wireframing, Figma, Prototyping. Seeking opportunities to leverage expertise."
DevOps Engineer,"Jenkins, Terraform, CI/CD","DevOps Engineer with experience in Jenkins, Terraform, CI/CD. Seeking opportunities to leverage expertise."
Cybersecurity Analyst,"SIEM, Network Security, Encryption, Firewalls","Cybersecurity Analyst with experience in SIEM, Network Security, Encryption, Firewalls. Seeking opportunities to leverage expertise."
Cybersecurity Analyst,"Encryption, Network Security, Firewalls","Cybersecurity Analyst with experience in Encryption, Network Security, Firewalls. Seeking opportunities to leverage expertise."
Digital Marketer,"SEO, Facebook Ads, Analytics","Digital Marketer with experience in SEO, Facebook Ads, Analytics. Seeking opportunities to leverage expertise."
DevOps Engineer,"Terraform, CI/CD, Linux","DevOps Engineer with experience in Terraform, CI/CD, Linux. Seeking opportunities to leverage expertise."
HR Manager,"Recruitment, Compliance, Training & Development","HR Manager with experience in Recruitment, Compliance, Training & Development. Seeking opportunities to leverage expertise."
Business Analyst,"Excel, Power BI, Tableau, Statistics","Business Analyst with experience in Excel, Power BI, Tableau, Statistics. Seeking opportunities to leverage expertise."
Data Scientist,"Deep Learning, TensorFlow, Pandas, Python, SQL","Data Scientist with experience in Deep Learning, TensorFlow, Pandas, Python, SQL. Seeking opportunities to leverage expertise."
Data Scientist,"Pandas, Machine Learning, Deep Learning, Python, SQL","Data Scientist with experience in Pandas, Machine Learning, Deep Learning, Python, SQL. Seeking opportunities to leverage expertise."
UI/UX Designer,"Figma, Adobe XD, Prototyping, Wireframing, User Research","UI/UX Designer with experience in Figma, Adobe XD, Prototyping, Wireframing, User Research. Seeking opportunities to leverage expertise."
Data Scientist,"Deep Learning, Pandas, Machine Learning, Python, SQL","Data Scientist with experience in Deep Learning, Pandas, Machine Learning, Python, SQL. Seeking opportunities to leverage expertise."
UI/UX Designer,"Adobe XD, Figma, User Research","UI/UX Designer with experience in Adobe XD, Figma, User Research. Seeking opportunities to leverage expertise."
Business Analyst,"Excel, Statistics, SQL, Power BI","Business Analyst with experience in Excel, Statistics, SQL, Power BI. Seeking opportunities to leverage expertise."
UI/UX Designer,"User Research, Prototyping, Wireframing, Figma, Adobe XD","UI/UX Designer with experience in User Research, Prototyping, Wireframing, Figma, Adobe XD. Seeking opportunities to leverage expertise."
Digital Marketer,"SEO, Content Marketing, Google Ads","Digital Marketer with experience in SEO, Content Marketing, Google Ads. Seeking opportunities to leverage expertise."
Business Analyst,"SQL, Data Visualization, Statistics","Business Analyst with experience in SQL, Data Visualization, Statistics. Seeking opportunities to leverage expertise."
Business Analyst,"Statistics, Power BI, Excel, SQL, Data Visualization","Business Analyst with experience in Statistics, Power BI, Excel, SQL, Data Visualization. Seeking opportunities to leverage expertise."
DevOps Engineer,"Linux, AWS, Kubernetes, CI/CD","DevOps Engineer with experience in Linux, AWS, Kubernetes, CI/CD. Seeking opportunities to leverage expertise."
Digital Marketer,"Google Ads, SEO, Content Marketing, Facebook Ads, Analytics","Digital Marketer with experience in Google Ads, SEO, Content Marketing, Facebook Ads, Analytics. Seeking opportunities to leverage expertise."
HR Manager,"Recruitment, Employee Relations, Compliance, Training & Development","HR Manager with experience in Recruitment, Employee Relations, Compliance, Training & Development. Seeking opportunities to leverage expertise."
Data Scientist,"SQL, Machine Learning, Python, TensorFlow","Data Scientist with experience in SQL, Machine Learning, Python, TensorFlow. Seeking opportunities to leverage expertise."
HR Manager,"Recruitment, Training & Development, Employee Relations, Payroll","HR Manager with experience in Recruitment, Training & Development, Employee Relations, Payroll. Seeking opportunities to leverage expertise."
HR Manager,"Recruitment, Employee Relations, Payroll, Compliance, Training & Development","HR Manager with experience in Recruitment, Employee Relations, Payroll, Compliance, Training & Development. Seeking opportunities to leverage expertise."
Data Scientist,"Machine Learning, SQL, Pandas, TensorFlow","Data Scientist with experience in Machine Learning, SQL, Pandas, TensorFlow. Seeking opportunities to leverage expertise."
Business Analyst,"SQL, Data Visualization, Statistics, Excel","Business Analyst with experience in SQL, Data Visualization, Statistics, Excel. Seeking opportunities to leverage expertise."
Cybersecurity Analyst,"Firewalls, Network Security, Penetration Testing","Cybersecurity Analyst with experience in Firewalls, Network Security, Penetration Testing. Seeking opportunities to leverage expertise."
UI/UX Designer,"Prototyping, Adobe XD, Figma, User Research","UI/UX Designer with experience in Prototyping, Adobe XD, Figma, User Research. Seeking opportunities to leverage expertise."
UI/UX Designer,"Adobe XD, Wireframing, Figma","UI/UX Designer with experience in Adobe XD, Wireframing, Figma. Seeking opportunities to leverage expertise."
UI/UX Designer,"Prototyping, Figma, User Research, Adobe XD, Wireframing","UI/UX Designer with experience in Prototyping, Figma, User Research, Adobe XD, Wireframing. Seeking opportunities to leverage expertise."
Digital Marketer,"Facebook Ads, SEO, Analytics, Google Ads, Content Marketing","Digital Marketer with experience in Facebook Ads, SEO, Analytics, Google Ads, Content Marketing. Seeking opportunities to leverage expertise."
Data Scientist,"Python, Pandas, Machine Learning","Data Scientist with experience in Python, Pandas, Machine Learning. Seeking opportunities to leverage expertise."
Cybersecurity Analyst,"Firewalls, Penetration Testing, Network Security, SIEM","Cybersecurity Analyst with experience in Firewalls, Penetration Testing, Network Security, SIEM. Seeking opportunities to leverage expertise."
Digital Marketer,"Content Marketing, SEO, Analytics, Facebook Ads, Google Ads","Digital Marketer with experience in Content Marketing, SEO, Analytics, Facebook Ads, Google Ads. Seeking opportunities to leverage expertise."
DevOps Engineer,"Jenkins, Linux, Kubernetes","DevOps Engineer with experience in Jenkins, Linux, Kubernetes. Seeking opportunities to leverage expertise."
Cybersecurity Analyst,"Firewalls, SIEM, Network Security, Penetration Testing, Encryption","Cybersecurity Analyst with experience in Firewalls, SIEM, Network Security, Penetration Testing, Encryption. Seeking opportunities to leverage expertise."
Cybersecurity Analyst,"SIEM, Penetration Testing, Firewalls, Encryption, Network Security","Cybersecurity Analyst with experience in SIEM, Penetration Testing, Firewalls, Encryption, Network Security. Seeking opportunities to leverage expertise."
HR Manager,"Recruitment, Compliance, Payroll, Training & Development, Employee Relations","HR Manager with experience in Recruitment, Compliance, Payroll, Training & Development, Employee Relations. Seeking opportunities to leverage expertise."
DevOps Engineer,"Jenkins, Linux, CI/CD, Terraform, AWS","DevOps Engineer with experience in Jenkins, Linux, CI/CD, Terraform, AWS. Seeking opportunities to leverage expertise."
Software Engineer,"Microservices, Python, Java","Software Engineer with experience in Microservices, Python, Java. Seeking opportunities to leverage expertise."
Data Scientist,"Deep Learning, Python, TensorFlow","Data Scientist with experience in Deep Learning, Python, TensorFlow. Seeking opportunities to leverage expertise."
Software Engineer,"Microservices, Python, Java, Docker, AWS","Software Engineer with experience in Microservices, Python, Java, Docker, AWS. Seeking opportunities to leverage expertise."
Data Scientist,"Machine Learning, SQL, Deep Learning, Pandas","Data Scientist with experience in Machine Learning, SQL, Deep Learning, Pandas. Seeking opportunities to leverage expertise."
Digital Marketer,"Content Marketing, Google Ads, SEO, Analytics, Facebook Ads","Digital Marketer with experience in Content Marketing, Google Ads, SEO, Analytics, Facebook Ads. Seeking opportunities to leverage expertise."
DevOps Engineer,"Jenkins, Terraform, AWS","DevOps Engineer with experience in Jenkins, Terraform, AWS. Seeking opportunities to leverage expertise."
Business Analyst,"Data Visualization, Tableau, Excel, SQL, Power BI","Business Analyst with experience in Data Visualization, Tableau, Excel, SQL, Power BI. Seeking opportunities to leverage expertise."
UI/UX Designer,"Prototyping, User Research, Wireframing","UI/UX Designer with experience in Prototyping, User Research, Wireframing. Seeking opportunities to leverage expertise."
HR Manager,"Recruitment, Compliance, Employee Relations, Payroll","HR Manager with experience in Recruitment, Compliance, Employee Relations, Payroll. Seeking opportunities to leverage expertise."
Digital Marketer,"SEO, Analytics, Google Ads","Digital Marketer with experience in SEO, Analytics, Google Ads. Seeking opportunities to leverage expertise."
Digital Marketer,"Content Marketing, Facebook Ads, SEO, Google Ads","Digital Marketer with experience in Content Marketing, Facebook Ads, SEO, Google Ads. Seeking opportunities to leverage expertise."
Data Scientist,"Machine Learning, Pandas, SQL, TensorFlow","Data Scientist with experience in Machine Learning, Pandas, SQL, TensorFlow. Seeking opportunities to leverage expertise."
HR Manager,"Compliance, Payroll, Employee Relations","HR Manager with experience in Compliance, Payroll, Employee Relations. Seeking opportunities to leverage expertise."
Digital Marketer,"Facebook Ads, Analytics, SEO","Digital Marketer with experience in Facebook Ads, Analytics, SEO. Seeking opportunities to leverage expertise."
HR Manager,"Recruitment, Training & Development, Payroll","HR Manager with experience in Recruitment, Training & Development, Payroll. Seeking opportunities to leverage expertise."
UI/UX Designer,"User Research, Adobe XD, Figma","UI/UX Designer with experience in User Research, Adobe XD, Figma. Seeking opportunities to leverage expertise."
UI/UX Designer,"Figma, Prototyping, Adobe XD, Wireframing","UI/UX Designer with experience in Figma, Prototyping, Adobe XD, Wireframing. Seeking opportunities to leverage expertise."
Data Scientist,"Pandas, TensorFlow, Machine Learning","Data Scientist with experience in Pandas, TensorFlow, Machine Learning. Seeking opportunities to leverage expertise."
Digital Marketer,"Facebook Ads, Analytics, Content Marketing","Digital Marketer with experience in Facebook Ads, Analytics, Content Marketing. Seeking opportunities to leverage expertise."
Software Engineer,"Spring Boot, Microservices, Python, Java","Software Engineer with experience in Spring Boot, Microservices, Python, Java. Seeking opportunities to leverage expertise."
Business Analyst,"Power BI, Data Visualization, SQL, Statistics","Business Analyst with experience in Power BI, Data Visualization, SQL, Statistics. Seeking opportunities to leverage expertise."
Data Scientist,"Pandas, SQL, TensorFlow, Machine Learning, Deep Learning","Data Scientist with experience in Pandas, SQL, TensorFlow, Machine Learning, Deep Learning. Seeking opportunities to leverage expertise."
Cybersecurity Analyst,"Firewalls, SIEM, Penetration Testing","Cybersecurity Analyst with experience in Firewalls, SIEM, Penetration Testing. Seeking opportunities to leverage expertise."
Digital Marketer,"Google Ads, Facebook Ads, Content Marketing, Analytics, SEO","Digital Marketer with experience in Google Ads, Facebook Ads, Content Marketing, Analytics, SEO. Seeking opportunities to leverage expertise."
DevOps Engineer,"Terraform, CI/CD, Jenkins, Kubernetes","DevOps Engineer with experience in Terraform, CI/CD, Jenkins, Kubernetes. Seeking opportunities to leverage expertise."
Digital Marketer,"Google Ads, Analytics, SEO, Content Marketing","Digital Marketer with experience in Google Ads, Analytics, SEO, Content Marketing. Seeking opportunities to leverage expertise."
HR Manager,"Employee Relations, Compliance, Training & Development","HR Manager with experience in Employee Relations, Compliance, Training & Development. Seeking opportunities to leverage expertise."
DevOps Engineer,"Linux, Terraform, Jenkins, AWS, Kubernetes","DevOps Engineer with experience in Linux, Terraform, Jenkins, AWS, Kubernetes. Seeking opportunities to leverage expertise."
Business Analyst,"Data Visualization, Statistics, Excel","Business Analyst with experience in Data Visualization, Statistics, Excel. Seeking opportunities to leverage expertise."
Business Analyst,"Statistics, Excel, Tableau, Data Visualization","Business Analyst with experience in Statistics, Excel, Tableau, Data Visualization. Seeking opportunities to leverage expertise."
HR Manager,"Compliance, Recruitment, Payroll, Employee Relations, Training & Development","HR Manager with experience in Compliance, Recruitment, Payroll, Employee Relations, Training & Development. Seeking opportunities to leverage expertise."
DevOps Engineer,"AWS, Jenkins, Linux","DevOps Engineer with experience in AWS, Jenkins, Linux. Seeking opportunities to leverage expertise."
Data Scientist,"Deep Learning, SQL, TensorFlow, Pandas, Machine Learning","Data Scientist with experience in Deep Learning, SQL, TensorFlow, Pandas, Machine Learning. Seeking opportunities to leverage expertise."
Software Engineer,"Microservices, Spring Boot, AWS, Docker","Software Engineer with experience in Microservices, Spring Boot, AWS, Docker. Seeking opportunities to leverage expertise."
HR Manager,"Recruitment, Employee Relations, Compliance","HR Manager with experience in Recruitment, Employee Relations, Compliance. Seeking opportunities to leverage expertise."
Data Scientist,"Python, Pandas, Deep Learning","Data Scientist with experience in Python, Pandas, Deep Learning. Seeking opportunities to leverage expertise."
UI/UX Designer,"Wireframing, Adobe XD, Figma, Prototyping, User Research","UI/UX Designer with experience in Wireframing, Adobe XD, Figma, Prototyping, User Research. Seeking opportunities to leverage expertise."
DevOps Engineer,"Jenkins, Terraform, CI/CD, Linux, Kubernetes","DevOps Engineer with experience in Jenkins, Terraform, CI/CD, Linux, Kubernetes. Seeking opportunities to leverage expertise."
Business Analyst,"Statistics, Power BI, Excel","Business Analyst with experience in Statistics, Power BI, Excel. Seeking opportunities to leverage expertise."
Data Scientist,"Deep Learning, SQL, Python, Machine Learning, Pandas","Data Scientist with experience in Deep Learning, SQL, Python, Machine Learning, Pandas. Seeking opportunities to leverage expertise."
DevOps Engineer,"Terraform, Jenkins, CI/CD","DevOps Engineer with experience in Terraform, Jenkins, CI/CD. Seeking opportunities to leverage expertise."
UI/UX Designer,"Wireframing, Adobe XD, User Research, Figma","UI/UX Designer with experience in Wireframing, Adobe XD, User Research, Figma. Seeking opportunities to leverage expertise."
Software Engineer,"Python, AWS, Docker, Java, Spring Boot","Software Engineer with experience in Python, AWS, Docker, Java, Spring Boot. Seeking opportunities to leverage expertise."
Data Scientist,"SQL, TensorFlow, Python","Data Scientist with experience in SQL, TensorFlow, Python. Seeking opportunities to leverage expertise."
UI/UX Designer,"User Research, Wireframing, Figma, Adobe XD, Prototyping","UI/UX Designer with experience in User Research, Wireframing, Figma, Adobe XD, Prototyping. Seeking opportunities to leverage expertise."
Business Analyst,"Tableau, SQL, Excel","Business Analyst with experience in Tableau, SQL, Excel. Seeking opportunities to leverage expertise."
HR Manager,"Employee Relations, Payroll, Recruitment, Training & Development","HR Manager with experience in Employee Relations, Payroll, Recruitment, Training & Development. Seeking opportunities to leverage expertise."
Cybersecurity Analyst,"Firewalls, SIEM, Penetration Testing","Cybersecurity Analyst with experience in Firewalls, SIEM, Penetration Testing. Seeking opportunities to leverage expertise."
Cybersecurity Analyst,"Network Security, Encryption, Firewalls, SIEM, Penetration Testing","Cybersecurity Analyst with experience in Network Security, Encryption, Firewalls, SIEM, Penetration Testing. Seeking opportunities to leverage expertise."
Business Analyst,"Excel, Statistics, Data Visualization","Business Analyst with experience in Excel, Statistics, Data Visualization. Seeking opportunities to leverage expertise."
Digital Marketer,"Analytics, SEO, Content Marketing","Digital Marketer with experience in Analytics, SEO, Content Marketing. Seeking opportunities to leverage expertise."
DevOps Engineer,"CI/CD, Linux, Terraform, AWS, Jenkins","DevOps Engineer with experience in CI/CD, Linux, Terraform, AWS, Jenkins. Seeking opportunities to leverage expertise."
DevOps Engineer,"AWS, Linux, Terraform, Kubernetes, CI/CD","DevOps Engineer with experience in AWS, Linux, Terraform, Kubernetes, CI/CD. Seeking opportunities to leverage expertise."
UI/UX Designer,"Adobe XD, Figma, Wireframing","UI/UX Designer with experience in Adobe XD, Figma, Wireframing. Seeking opportunities to leverage expertise."
UI/UX Designer,"Prototyping, Adobe XD, User Research, Wireframing","UI/UX Designer with experience in Prototyping, Adobe XD, User Research, Wireframing. Seeking opportunities to leverage expertise."
Business Analyst,"Power BI, Data Visualization, Excel","Business Analyst with experience in Power BI, Data Visualization, Excel. Seeking opportunities to leverage expertise."
Data Scientist,"SQL, TensorFlow, Deep Learning, Machine Learning, Pandas","Data Scientist with experience in SQL, TensorFlow, Deep Learning, Machine Learning, Pandas. Seeking opportunities to leverage expertise."
Business Analyst,"Tableau, Excel, Statistics","Business Analyst with experience in Tableau, Excel, Statistics. Seeking opportunities to leverage expertise."
Business Analyst,"Data Visualization, Tableau, Statistics, Power BI","Business Analyst with experience in Data Visualization, Tableau, Statistics, Power BI. Seeking opportunities to leverage expertise."
DevOps Engineer,"Terraform, AWS, Jenkins, Kubernetes","DevOps Engineer with experience in Terraform, AWS, Jenkins, Kubernetes. Seeking opportunities to leverage expertise."
HR Manager,"Training & Development, Payroll, Recruitment, Compliance, Employee Relations","HR Manager with experience in Training & Development, Payroll, Recruitment, Compliance, Employee Relations. Seeking opportunities to leverage expertise."
DevOps Engineer,"CI/CD, Linux, Kubernetes","DevOps Engineer with experience in CI/CD, Linux, Kubernetes. Seeking opportunities to leverage expertise."
Digital Marketer,"Analytics, Google Ads, Content Marketing, Facebook Ads, SEO","Digital Marketer with experience in Analytics, Google Ads, Content Marketing, Facebook Ads, SEO. Seeking opportunities to leverage expertise."
Software Engineer,"Microservices, Python, Docker, AWS, Spring Boot","Software Engineer with experience in Microservices, Python, Docker, AWS, Spring Boot. Seeking opportunities to leverage expertise."
Digital Marketer,"Google Ads, SEO, Facebook Ads","Digital Marketer with experience in Google Ads, SEO, Facebook Ads. Seeking opportunities to leverage expertise."
Digital Marketer,"Facebook Ads, Content Marketing, SEO, Analytics, Google Ads","Digital Marketer with experience in Facebook Ads, Content Marketing, SEO, Analytics, Google Ads. Seeking opportunities to leverage expertise."
Digital Marketer,"Google Ads, SEO, Analytics","Digital Marketer with experience in Google Ads, SEO, Analytics. Seeking opportunities to leverage expertise."
Digital Marketer,"Analytics, Facebook Ads, SEO, Google Ads","Digital Marketer with experience in Analytics, Facebook Ads, SEO, Google Ads. Seeking opportunities to leverage expertise."
Digital Marketer,"Google Ads, Analytics, Facebook Ads","Digital Marketer with experience in Google Ads, Analytics, Facebook Ads. Seeking opportunities to leverage expertise."
Cybersecurity Analyst,"Firewalls, SIEM, Penetration Testing, Encryption","Cybersecurity Analyst with experience in Firewalls, SIEM, Penetration Testing, Encryption. Seeking opportunities to leverage expertise."
Business Analyst,"Excel, Data Visualization, Statistics, Power BI, SQL","Business Analyst with experience in Excel, Data Visualization, Statistics, Power BI, SQL. Seeking opportunities to leverage expertise."
Business Analyst,"Power BI, Statistics, Tableau","Business Analyst with experience in Power BI, Statistics, Tableau. Seeking opportunities to leverage expertise."
Cybersecurity Analyst,"Network Security, SIEM, Penetration Testing, Encryption","Cybersecurity Analyst with experience in Network Security, SIEM, Penetration Testing, Encryption. Seeking opportunities to leverage expertise."
DevOps Engineer,"Terraform, CI/CD, Linux, Jenkins, Kubernetes","DevOps Engineer with experience in Terraform, CI/CD, Linux, Jenkins, Kubernetes. Seeking opportunities to leverage expertise."
UI/UX Designer,"Adobe XD, Prototyping, User Research, Wireframing","UI/UX Designer with experience in Adobe XD, Prototyping, User Research, Wireframing. Seeking opportunities to leverage expertise."
Data Scientist,"Machine Learning, TensorFlow, Pandas, Deep Learning","Data Scientist with experience in Machine Learning, TensorFlow, Pandas, Deep Learning. Seeking opportunities to leverage expertise."
Cybersecurity Analyst,"Firewalls, Encryption, Penetration Testing, SIEM","Cybersecurity Analyst with experience in Firewalls, Encryption, Penetration Testing, SIEM. Seeking opportunities to leverage expertise."
Digital Marketer,"Content Marketing, Facebook Ads, Analytics","Digital Marketer with experience in Content Marketing, Facebook Ads, Analytics. Seeking opportunities to leverage expertise."
Software Engineer,"Java, Docker, Python, Spring Boot","Software Engineer with experience in Java, Docker, Python, Spring Boot. Seeking opportunities to leverage expertise."
Digital Marketer,"Facebook Ads, Content Marketing, Analytics","Digital Marketer with experience in Facebook Ads, Content Marketing, Analytics. Seeking opportunities to leverage expertise."
Cybersecurity Analyst,"Network Security, SIEM, Encryption, Firewalls","Cybersecurity Analyst with experience in Network Security, SIEM, Encryption, Firewalls. Seeking opportunities to leverage expertise."
DevOps Engineer,"Jenkins, CI/CD, AWS, Terraform, Kubernetes","DevOps Engineer with experience in Jenkins, CI/CD, AWS, Terraform, Kubernetes. Seeking opportunities to leverage expertise."
UI/UX Designer,"Prototyping, User Research, Wireframing, Figma","UI/UX Designer with experience in Prototyping, User Research, Wireframing, Figma. Seeking opportunities to leverage expertise."
HR Manager,"Training & Development, Payroll, Compliance, Recruitment, Employee Relations","HR Manager with experience in Training & Development, Payroll, Compliance, Recruitment, Employee Relations. Seeking opportunities to leverage expertise."
UI/UX Designer,"Wireframing, Prototyping, Figma, User Research, Adobe XD","UI/UX Designer with experience in Wireframing, Prototyping, Figma, User Research, Adobe XD. Seeking opportunities to leverage expertise."
UI/UX Designer,"Prototyping, Wireframing, User Research, Figma","UI/UX Designer with experience in Prototyping, Wireframing, User Research, Figma. Seeking opportunities to leverage expertise."
HR Manager,"Training & Development, Recruitment, Compliance, Payroll","HR Manager with experience in Training & Development, Recruitment, Compliance, Payroll. Seeking opportunities to leverage expertise."
Digital Marketer,"SEO, Facebook Ads, Content Marketing, Google Ads, Analytics","Digital Marketer with experience in SEO, Facebook Ads, Content Marketing, Google Ads, Analytics. Seeking opportunities to leverage expertise."
DevOps Engineer,"Linux, Kubernetes, Jenkins, CI/CD, AWS","DevOps Engineer with experience in Linux, Kubernetes, Jenkins, CI/CD, AWS. Seeking opportunities to leverage expertise."
Business Analyst,"Power BI, SQL, Excel, Statistics","Business Analyst with experience in Power BI, SQL, Excel, Statistics. Seeking opportunities to leverage expertise."
HR Manager,"Payroll, Employee Relations, Training & Development","HR Manager with experience in Payroll, Employee Relations, Training & Development. Seeking opportunities to leverage expertise."
Cybersecurity Analyst,"Penetration Testing, SIEM, Network Security, Encryption","Cybersecurity Analyst with experience in Penetration Testing, SIEM, Network Security, Encryption. Seeking opportunities to leverage expertise."
Cybersecurity Analyst,"Firewalls, SIEM, Penetration Testing","Cybersecurity Analyst with experience in Firewalls, SIEM, Penetration Testing. Seeking opportunities to leverage expertise."
Cybersecurity Analyst,"Encryption, SIEM, Firewalls","Cybersecurity Analyst with experience in Encryption, SIEM, Firewalls. Seeking opportunities to leverage expertise."
Cybersecurity Analyst,"Encryption, Network Security, Firewalls, Penetration Testing","Cybersecurity Analyst with experience in Encryption, Network Security, Firewalls, Penetration Testing. Seeking opportunities to leverage expertise."
Data Scientist,"Machine Learning, Python, TensorFlow, Pandas, Deep Learning","Data Scientist with experience in Machine Learning, Python, TensorFlow, Pandas, Deep Learning. Seeking opportunities to leverage expertise."
HR Manager,"Recruitment, Compliance, Training & Development, Payroll","HR Manager with experience in Recruitment, Compliance, Training & Development, Payroll. Seeking opportunities to leverage expertise."
Cybersecurity Analyst,"SIEM, Firewalls, Network Security, Penetration Testing, Encryption","Cybersecurity Analyst with experience in SIEM, Firewalls, Network Security, Penetration Testing, Encryption. Seeking opportunities to leverage expertise."
Digital Marketer,"SEO, Facebook Ads, Analytics","Digital Marketer with experience in SEO, Facebook Ads, Analytics. Seeking opportunities to leverage expertise."
Cybersecurity Analyst,"Encryption, Network Security, Penetration Testing, SIEM, Firewalls","Cybersecurity Analyst with experience in Encryption, Network Security, Penetration Testing, SIEM, Firewalls. Seeking opportunities to leverage expertise."
Digital Marketer,"Analytics, Facebook Ads, Content Marketing, SEO, Google Ads","Digital Marketer with experience in Analytics, Facebook Ads, Content Marketing, SEO, Google Ads. Seeking opportunities to leverage expertise."
Digital Marketer,"Google Ads, SEO, Content Marketing, Facebook Ads","Digital Marketer with experience in Google Ads, SEO, Content Marketing, Facebook Ads. Seeking opportunities to leverage expertise."
Cybersecurity Analyst,"Penetration Testing, Firewalls, SIEM","Cybersecurity Analyst with experience in Penetration Testing, Firewalls, SIEM. Seeking opportunities to leverage expertise."
Software Engineer,"Java, Microservices, AWS, Spring Boot","Software Engineer with experience in Java, Microservices, AWS, Spring Boot. Seeking opportunities to leverage expertise."
Data Scientist,"Python, Pandas, SQL, Deep Learning","Data Scientist with experience in Python, Pandas, SQL, Deep Learning. Seeking opportunities to leverage expertise."
DevOps Engineer,"Linux, Terraform, AWS, Kubernetes, Jenkins","DevOps Engineer with experience in Linux, Terraform, AWS, Kubernetes, Jenkins. Seeking opportunities to leverage expertise."
UI/UX Designer,"User Research, Prototyping, Wireframing","UI/UX Designer with experience in User Research, Prototyping, Wireframing. Seeking opportunities to leverage expertise."
Business Analyst,"Statistics, Excel, SQL, Data Visualization","Business Analyst with experience in Statistics, Excel, SQL, Data Visualization. Seeking opportunities to leverage expertise."
UI/UX Designer,"Adobe XD, Figma, User Research, Wireframing","UI/UX Designer with experience in Adobe XD, Figma, User Research, Wireframing. Seeking opportunities to leverage expertise."
Digital Marketer,"SEO, Facebook Ads, Content Marketing, Google Ads","Digital Marketer with experience in SEO, Facebook Ads, Content Marketing, Google Ads. Seeking opportunities to leverage expertise."
Data Scientist,"TensorFlow, Pandas, SQL, Deep Learning","Data Scientist with experience in TensorFlow, Pandas, SQL, Deep Learning. Seeking opportunities to leverage expertise."
Business Analyst,"Power BI, SQL, Excel, Statistics","Business Analyst with experience in Power BI, SQL, Excel, Statistics. Seeking opportunities to leverage expertise."
HR Manager,"Training & Development, Payroll, Compliance, Employee Relations","HR Manager with experience in Training & Development, Payroll, Compliance, Employee Relations. Seeking opportunities to leverage expertise."
Software Engineer,"Spring Boot, Microservices, Docker, Python","Software Engineer with experience in Spring Boot, Microservices, Docker, Python. Seeking opportunities to leverage expertise."
DevOps Engineer,"CI/CD, Jenkins, AWS, Terraform, Kubernetes","DevOps Engineer with experience in CI/CD, Jenkins, AWS, Terraform, Kubernetes. Seeking opportunities to leverage expertise."
UI/UX Designer,"Figma, Prototyping, Adobe XD, Wireframing, User Research","UI/UX Designer with experience in Figma, Prototyping, Adobe XD, Wireframing, User Research. Seeking opportunities to leverage expertise."
Software Engineer,"Docker, Microservices, Python, Java, AWS","Software Engineer with experience in Docker, Microservices, Python, Java, AWS. Seeking opportunities to leverage expertise."
DevOps Engineer,"Linux, Terraform, Jenkins","DevOps Engineer with experience in Linux, Terraform, Jenkins. Seeking opportunities to leverage expertise."
DevOps Engineer,"Kubernetes, Terraform, AWS, CI/CD, Jenkins","DevOps Engineer with experience in Kubernetes, Terraform, AWS, CI/CD, Jenkins. Seeking opportunities to leverage expertise."
Software Engineer,"AWS, Python, Spring Boot, Java, Microservices","Software Engineer with experience in AWS, Python, Spring Boot, Java, Microservices. Seeking opportunities to leverage expertise."
Business Analyst,"Data Visualization, Statistics, Excel, Power BI","Business Analyst with experience in Data Visualization, Statistics, Excel, Power BI. Seeking opportunities to leverage expertise."
Data Scientist,"Pandas, SQL, Machine Learning","Data Scientist with experience in Pandas, SQL, Machine Learning. Seeking opportunities to leverage expertise."
Software Engineer,"Docker, Microservices, Spring Boot, AWS","Software Engineer with experience in Docker, Microservices, Spring Boot, AWS. Seeking opportunities to leverage expertise."
Cybersecurity Analyst,"SIEM, Penetration Testing, Network Security, Encryption","Cybersecurity Analyst with experience in SIEM, Penetration Testing, Network Security, Encryption. Seeking opportunities to leverage expertise."
DevOps Engineer,"AWS, Terraform, Jenkins, CI/CD, Kubernetes","DevOps Engineer with experience in AWS, Terraform, Jenkins, CI/CD, Kubernetes. Seeking opportunities to leverage expertise."
Digital Marketer,"Google Ads, Content Marketing, Facebook Ads, SEO","Digital Marketer with experience in Google Ads, Content Marketing, Facebook Ads, SEO. Seeking opportunities to leverage expertise."
Business Analyst,"Data Visualization, SQL, Excel, Tableau, Statistics","Business Analyst with experience in Data Visualization, SQL, Excel, Tableau, Statistics. Seeking opportunities to leverage expertise."
Data Scientist,"Python, Pandas, TensorFlow, Deep Learning, SQL","Data Scientist with experience in Python, Pandas, TensorFlow, Deep Learning, SQL. Seeking opportunities to leverage expertise."
Digital Marketer,"SEO, Google Ads, Analytics, Facebook Ads, Content Marketing","Digital Marketer with experience in SEO, Google Ads, Analytics, Facebook Ads, Content Marketing. Seeking opportunities to leverage expertise."
DevOps Engineer,"Kubernetes, Terraform, Linux, CI/CD, Jenkins","DevOps Engineer with experience in Kubernetes, Terraform, Linux, CI/CD, Jenkins. Seeking opportunities to leverage expertise."
UI/UX Designer,"Adobe XD, User Research, Wireframing, Prototyping, Figma","UI/UX Designer with experience in Adobe XD, User Research, Wireframing, Prototyping, Figma. Seeking opportunities to leverage expertise."
HR Manager,"Training & Development, Payroll, Recruitment","HR Manager with experience in Training & Development, Payroll, Recruitment. Seeking opportunities to leverage expertise."
Digital Marketer,"Content Marketing, Facebook Ads, SEO, Google Ads, Analytics","Digital Marketer with experience in Content Marketing, Facebook Ads, SEO, Google Ads, Analytics. Seeking opportunities to leverage expertise."
Data Scientist,"Pandas, Machine Learning, Deep Learning, TensorFlow, SQL","Data Scientist with experience in Pandas, Machine Learning, Deep Learning, TensorFlow, SQL. Seeking opportunities to leverage expertise."
Business Analyst,"SQL, Data Visualization, Tableau, Excel, Power BI","Business Analyst with experience in SQL, Data Visualization, Tableau, Excel, Power BI. Seeking opportunities to leverage expertise."
HR Manager,"Employee Relations, Payroll, Compliance, Training & Development, Recruitment","HR Manager with experience in Employee Relations, Payroll, Compliance, Training & Development, Recruitment. Seeking opportunities to leverage expertise."
HR Manager,"Payroll, Recruitment, Employee Relations, Training & Development, Compliance","HR Manager with experience in Payroll, Recruitment, Employee Relations, Training & Development, Compliance. Seeking opportunities to leverage expertise."
Cybersecurity Analyst,"Firewalls, Encryption, SIEM, Penetration Testing, Network Security","Cybersecurity Analyst with experience in Firewalls, Encryption, SIEM, Penetration Testing, Network Security. Seeking opportunities to leverage expertise."
UI/UX Designer,"Adobe XD, User Research, Prototyping, Wireframing, Figma","UI/UX Designer with experience in Adobe XD, User Research, Prototyping, Wireframing, Figma. Seeking opportunities to leverage expertise."
UI/UX Designer,"User Research, Prototyping, Wireframing, Figma","UI/UX Designer with experience in User Research, Prototyping, Wireframing, Figma. Seeking opportunities to leverage expertise."
HR Manager,"Recruitment, Payroll, Compliance, Training & Development","HR Manager with experience in Recruitment, Payroll, Compliance, Training & Development. Seeking opportunities to leverage expertise."
Digital Marketer,"Google Ads, Analytics, Content Marketing, SEO","Digital Marketer with experience in Google Ads, Analytics, Content Marketing, SEO. Seeking opportunities to leverage expertise."
Cybersecurity Analyst,"Encryption, Penetration Testing, SIEM, Firewalls, Network Security","Cybersecurity Analyst with experience in Encryption, Penetration Testing, SIEM, Firewalls, Network Security. Seeking opportunities to leverage expertise."
Digital Marketer,"Analytics, SEO, Facebook Ads, Google Ads, Content Marketing","Digital Marketer with experience in Analytics, SEO, Facebook Ads, Google Ads, Content Marketing. Seeking opportunities to leverage expertise."
Cybersecurity Analyst,"Firewalls, Encryption, SIEM","Cybersecurity Analyst with experience in Firewalls, Encryption, SIEM. Seeking opportunities to leverage expertise."
Data Scientist,"TensorFlow, SQL, Deep Learning","Data Scientist with experience in TensorFlow, SQL, Deep Learning. Seeking opportunities to leverage expertise."
Data Scientist,"Pandas, Deep Learning, SQL, Python, Machine Learning","Data Scientist with experience in Pandas, Deep Learning, SQL, Python, Machine Learning. Seeking opportunities to leverage expertise."
Business Analyst,"Power BI, Data Visualization, SQL, Excel, Statistics","Business Analyst with experience in Power BI, Data Visualization, SQL, Excel, Statistics. Seeking opportunities to leverage expertise."
Cybersecurity Analyst,"Network Security, Firewalls, Encryption, Penetration Testing, SIEM","Cybersecurity Analyst with experience in Network Security, Firewalls, Encryption, Penetration Testing, SIEM. Seeking opportunities to leverage expertise."
DevOps Engineer,"CI/CD, AWS, Kubernetes, Terraform","DevOps Engineer with experience in CI/CD, AWS, Kubernetes, Terraform. Seeking opportunities to leverage expertise."
HR Manager,"Training & Development, Compliance, Recruitment, Payroll","HR Manager with experience in Training & Development, Compliance, Recruitment, Payroll. Seeking opportunities to leverage expertise."
UI/UX Designer,"Figma, Prototyping, User Research, Adobe XD","UI/UX Designer with experience in Figma, Prototyping, User Research, Adobe XD. Seeking opportunities to leverage expertise."
HR Manager,"Compliance, Employee Relations, Training & Development","HR Manager with experience in Compliance, Employee Relations, Training & Development. Seeking opportunities to leverage expertise."
UI/UX Designer,"Wireframing, User Research, Figma, Prototyping, Adobe XD","UI/UX Designer with experience in Wireframing, User Research, Figma, Prototyping, Adobe XD. Seeking opportunities to leverage expertise."
Business Analyst,"Statistics, Data Visualization, Excel, Tableau","Business Analyst with experience in Statistics, Data Visualization, Excel, Tableau. Seeking opportunities to leverage expertise."
UI/UX Designer,"Figma, Prototyping, Adobe XD, User Research, Wireframing","UI/UX Designer with experience in Figma, Prototyping, Adobe XD, User Research, Wireframing. Seeking opportunities to leverage expertise."
Data Scientist,"Python, Machine Learning, SQL, Deep Learning","Data Scientist with experience in Python, Machine Learning, SQL, Deep Learning. Seeking opportunities to leverage expertise."
Data Scientist,"Machine Learning, Deep Learning, Pandas, TensorFlow, Python","Data Scientist with experience in Machine Learning, Deep Learning, Pandas, TensorFlow, Python. Seeking opportunities to leverage expertise."
HR Manager,"Compliance, Recruitment, Employee Relations, Payroll","HR Manager with experience in Compliance, Recruitment, Employee Relations, Payroll. Seeking opportunities to leverage expertise."
UI/UX Designer,"Figma, Adobe XD, User Research, Wireframing, Prototyping","UI/UX Designer with experience in Figma, Adobe XD, User Research, Wireframing, Prototyping. Seeking opportunities to leverage expertise."
Data Scientist,"Machine Learning, Deep Learning, SQL, Pandas","Data Scientist with experience in Machine Learning, Deep Learning, SQL, Pandas. Seeking opportunities to leverage expertise."
Data Scientist,"Pandas, SQL, Deep Learning, Machine Learning","Data Scientist with experience in Pandas, SQL, Deep Learning, Machine Learning. Seeking opportunities to leverage expertise."
Software Engineer,"Spring Boot, Microservices, AWS","Software Engineer with experience in Spring Boot, Microservices, AWS. Seeking opportunities to leverage expertise."
Data Scientist,"Pandas, Deep Learning, Machine Learning","Data Scientist with experience in Pandas, Deep Learning, Machine Learning. Seeking opportunities to leverage expertise."
UI/UX Designer,"Figma, Adobe XD, User Research","UI/UX Designer with experience in Figma, Adobe XD, User Research. Seeking opportunities to leverage expertise."
UI/UX Designer,"Wireframing, Prototyping, Adobe XD","UI/UX Designer with experience in Wireframing, Prototyping, Adobe XD. Seeking opportunities to leverage expertise."
DevOps Engineer,"Jenkins, AWS, CI/CD, Kubernetes, Terraform","DevOps Engineer with experience in Jenkins, AWS, CI/CD, Kubernetes, Terraform. Seeking opportunities to leverage expertise."
Data Scientist,"TensorFlow, Machine Learning, Python, Pandas","Data Scientist with experience in TensorFlow, Machine Learning, Python, Pandas. Seeking opportunities to leverage expertise."
DevOps Engineer,"Linux, Kubernetes, CI/CD, AWS","DevOps Engineer with experience in Linux, Kubernetes, CI/CD, AWS. Seeking opportunities to leverage expertise."
Data Scientist,"TensorFlow, Deep Learning, Python","Data Scientist with experience in TensorFlow, Deep Learning, Python. Seeking opportunities to leverage expertise."
DevOps Engineer,"AWS, Kubernetes, Linux, Terraform","DevOps Engineer with experience in AWS, Kubernetes, Linux, Terraform. Seeking opportunities to leverage expertise."
Software Engineer,"Microservices, Python, Spring Boot","Software Engineer with experience in Microservices, Python, Spring Boot. Seeking opportunities to leverage expertise."
Software Engineer,"AWS, Java, Docker","Software Engineer with experience in AWS, Java, Docker. Seeking opportunities to leverage expertise."
Cybersecurity Analyst,"Network Security, Penetration Testing, Encryption, Firewalls, SIEM","Cybersecurity Analyst with experience in Network Security, Penetration Testing, Encryption, Firewalls, SIEM. Seeking opportunities to leverage expertise."
Digital Marketer,"SEO, Content Marketing, Facebook Ads, Analytics, Google Ads","Digital Marketer with experience in SEO, Content Marketing, Facebook Ads, Analytics, Google Ads. Seeking opportunities to leverage expertise."
Business Analyst,"Power BI, Excel, Data Visualization, Statistics, SQL","Business Analyst with experience in Power BI, Excel, Data Visualization, Statistics, SQL. Seeking opportunities to leverage expertise."
HR Manager,"Compliance, Employee Relations, Payroll","HR Manager with experience in Compliance, Employee Relations, Payroll. Seeking opportunities to leverage expertise."
DevOps Engineer,"Kubernetes, AWS, Jenkins","DevOps Engineer with experience in Kubernetes, AWS, Jenkins. Seeking opportunities to leverage expertise."
DevOps Engineer,"Kubernetes, CI/CD, Terraform, Jenkins","DevOps Engineer with experience in Kubernetes, CI/CD, Terraform, Jenkins. Seeking opportunities to leverage expertise."
Software Engineer,"Java, AWS, Microservices, Spring Boot, Python","Software Engineer with experience in Java, AWS, Microservices, Spring Boot, Python. Seeking opportunities to leverage expertise."
HR Manager,"Compliance, Recruitment, Payroll, Employee Relations, Training & Development","HR Manager with experience in Compliance, Recruitment, Payroll, Employee Relations, Training & Development. Seeking opportunities to leverage expertise."
UI/UX Designer,"Adobe XD, User Research, Prototyping","UI/UX Designer with experience in Adobe XD, User Research, Prototyping. Seeking opportunities to leverage expertise."
HR Manager,"Recruitment, Payroll, Training & Development, Compliance, Employee Relations","HR Manager with experience in Recruitment, Payroll, Training & Development, Compliance, Employee Relations. Seeking opportunities to leverage expertise."
HR Manager,"Recruitment, Employee Relations, Compliance, Training & Development, Payroll","HR Manager with experience in Recruitment, Employee Relations, Compliance, Training & Development, Payroll. Seeking opportunities to leverage expertise."
Digital Marketer,"Google Ads, Content Marketing, Analytics, SEO","Digital Marketer with experience in Google Ads, Content Marketing, Analytics, SEO. Seeking opportunities to leverage expertise."
Business Analyst,"SQL, Data Visualization, Excel","Business Analyst with experience in SQL, Data Visualization, Excel. Seeking opportunities to leverage expertise."
Cybersecurity Analyst,"Network Security, SIEM, Encryption, Firewalls","Cybersecurity Analyst with experience in Network Security, SIEM, Encryption, Firewalls. Seeking opportunities to leverage expertise."
Digital Marketer,"Analytics, Content Marketing, Facebook Ads, SEO, Google Ads","Digital Marketer with experience in Analytics, Content Marketing, Facebook Ads, SEO, Google Ads. Seeking opportunities to leverage expertise."
Cybersecurity Analyst,"SIEM, Penetration Testing, Firewalls","Cybersecurity Analyst with experience in SIEM, Penetration Testing, Firewalls. Seeking opportunities to leverage expertise."
DevOps Engineer,"Kubernetes, Linux, Jenkins","DevOps Engineer with experience in Kubernetes, Linux, Jenkins. Seeking opportunities to leverage expertise."
UI/UX Designer,"Figma, Adobe XD, Wireframing","UI/UX Designer with experience in Figma, Adobe XD, Wireframing. Seeking opportunities to leverage expertise."
Business Analyst,"Excel, Power BI, Data Visualization, SQL","Business Analyst with experience in Excel, Power BI, Data Visualization, SQL. Seeking opportunities to leverage expertise."
UI/UX Designer,"Adobe XD, Wireframing, User Research","UI/UX Designer with experience in Adobe XD, Wireframing, User Research. Seeking opportunities to leverage expertise."
Cybersecurity Analyst,"Network Security, Encryption, Firewalls, Penetration Testing, SIEM","Cybersecurity Analyst with experience in Network Security, Encryption, Firewalls, Penetration Testing, SIEM. Seeking opportunities to leverage expertise."
Software Engineer,"Spring Boot, AWS, Docker","Software Engineer with experience in Spring Boot, AWS, Docker. Seeking opportunities to leverage expertise."
Software Engineer,"Docker, Microservices, Python, AWS","Software Engineer with experience in Docker, Microservices, Python, AWS. Seeking opportunities to leverage expertise."
Digital Marketer,"Analytics, Content Marketing, SEO, Facebook Ads, Google Ads","Digital Marketer with experience in Analytics, Content Marketing, SEO, Facebook Ads, Google Ads. Seeking opportunities to leverage expertise."
Cybersecurity Analyst,"Penetration Testing, Encryption, Network Security","Cybersecurity Analyst with experience in Penetration Testing, Encryption, Network Security. Seeking opportunities to leverage expertise."
DevOps Engineer,"Jenkins, Terraform, AWS","DevOps Engineer with experience in Jenkins, Terraform, AWS. Seeking opportunities to leverage expertise."
UI/UX Designer,"User Research, Figma, Wireframing, Prototyping","UI/UX Designer with experience in User Research, Figma, Wireframing, Prototyping. Seeking opportunities to leverage expertise."
UI/UX Designer,"Wireframing, Figma, Adobe XD, User Research, Prototyping","UI/UX Designer with experience in Wireframing, Figma, Adobe XD, User Research, Prototyping. Seeking opportunities to leverage expertise."
UI/UX Designer,"Adobe XD, Prototyping, User Research, Wireframing","UI/UX Designer with experience in Adobe XD, Prototyping, User Research, Wireframing. Seeking opportunities to leverage expertise."
Business Analyst,"SQL, Data Visualization, Excel","Business Analyst with experience in SQL, Data Visualization, Excel. Seeking opportunities to leverage expertise."
Business Analyst,"Power BI, Excel, Data Visualization","Business Analyst with experience in Power BI, Excel, Data Visualization. Seeking opportunities to leverage expertise."
Cybersecurity Analyst,"Network Security, Firewalls, Encryption, Penetration Testing","Cybersecurity Analyst with experience in Network Security, Firewalls, Encryption, Penetration Testing. Seeking opportunities to leverage expertise."
DevOps Engineer,"Terraform, Kubernetes, CI/CD, Linux","DevOps Engineer with experience in Terraform, Kubernetes, CI/CD, Linux. Seeking opportunities to leverage expertise."
HR Manager,"Training & Development, Employee Relations, Recruitment","HR Manager with experience in Training & Development, Employee Relations, Recruitment. Seeking opportunities to leverage expertise."
Software Engineer,"Spring Boot, Microservices, Python, AWS, Java","Software Engineer with experience in Spring Boot, Microservices, Python, AWS, Java. Seeking opportunities to leverage expertise."
Cybersecurity Analyst,"Network Security, Firewalls, SIEM, Encryption","Cybersecurity Analyst with experience in Network Security, Firewalls, SIEM, Encryption. Seeking opportunities to leverage expertise."
UI/UX Designer,"Adobe XD, Prototyping, Figma, Wireframing","UI/UX Designer with experience in Adobe XD, Prototyping, Figma, Wireframing. Seeking opportunities to leverage expertise."
Software Engineer,"Python, Docker, Spring Boot","Software Engineer with experience in Python, Docker, Spring Boot. Seeking opportunities to leverage expertise."
Business Analyst,"Tableau, Statistics, SQL","Business Analyst with experience in Tableau, Statistics, SQL. Seeking opportunities to leverage expertise."
Digital Marketer,"Google Ads, SEO, Content Marketing, Analytics","Digital Marketer with experience in Google Ads, SEO, Content Marketing, Analytics. Seeking opportunities to leverage expertise."
Software Engineer,"Microservices, Spring Boot, Docker, Java, AWS","Software Engineer with experience in Microservices, Spring Boot, Docker, Java, AWS. Seeking opportunities to leverage expertise."
HR Manager,"Compliance, Training & Development, Recruitment","HR Manager with experience in Compliance, Training & Development, Recruitment. Seeking opportunities to leverage expertise."
Software Engineer,"Java, AWS, Spring Boot, Python","Software Engineer with experience in Java, AWS, Spring Boot, Python. Seeking opportunities to leverage expertise."
Software Engineer,"Java, Microservices, Python","Software Engineer with experience in Java, Microservices, Python. Seeking opportunities to leverage expertise."
UI/UX Designer,"Adobe XD, Wireframing, Prototyping, Figma, User Research","UI/UX Designer with experience in Adobe XD, Wireframing, Prototyping, Figma, User Research. Seeking opportunities to leverage expertise."
Digital Marketer,"Google Ads, SEO, Facebook Ads, Analytics","Digital Marketer with experience in Google Ads, SEO, Facebook Ads, Analytics. Seeking opportunities to leverage expertise."
Software Engineer,"AWS, Spring Boot, Microservices","Software Engineer with experience in AWS, Spring Boot, Microservices. Seeking opportunities to leverage expertise."
Data Scientist,"Pandas, Deep Learning, Python, TensorFlow","Data Scientist with experience in Pandas, Deep Learning, Python, TensorFlow. Seeking opportunities to leverage expertise."
Cybersecurity Analyst,"SIEM, Firewalls, Encryption, Penetration Testing, Network Security","Cybersecurity Analyst with experience in SIEM, Firewalls, Encryption, Penetration Testing, Network Security. Seeking opportunities to leverage expertise."
Digital Marketer,"Analytics, Content Marketing, Facebook Ads","Digital Marketer with experience in Analytics, Content Marketing, Facebook Ads. Seeking opportunities to leverage expertise."
Cybersecurity Analyst,"Penetration Testing, Firewalls, Network Security, Encryption","Cybersecurity Analyst with experience in Penetration Testing, Firewalls, Network Security, Encryption. Seeking opportunities to leverage expertise."
Software Engineer,"Microservices, AWS, Spring Boot, Docker, Python","Software Engineer with experience in Microservices, AWS, Spring Boot, Docker, Python. Seeking opportunities to leverage expertise."
Business Analyst,"SQL, Data Visualization, Power BI","Business Analyst with experience in SQL, Data Visualization, Power BI. Seeking opportunities to leverage expertise."
DevOps Engineer,"Terraform, AWS, Kubernetes, Linux","DevOps Engineer with experience in Terraform, AWS, Kubernetes, Linux. Seeking opportunities to leverage expertise."
Software Engineer,"Docker, AWS, Python, Spring Boot, Microservices","Software Engineer with experience in Docker, AWS, Python, Spring Boot, Microservices. Seeking opportunities to leverage expertise."
Software Engineer,"Java, Docker, Microservices","Software Engineer with experience in Java, Docker, Microservices. Seeking opportunities to leverage expertise."
Digital Marketer,"SEO, Content Marketing, Analytics, Google Ads","Digital Marketer with experience in SEO, Content Marketing, Analytics, Google Ads. Seeking opportunities to leverage expertise."
UI/UX Designer,"Figma, Prototyping, Wireframing, Adobe XD","UI/UX Designer with experience in Figma, Prototyping, Wireframing, Adobe XD. Seeking opportunities to leverage expertise."
Business Analyst,"SQL, Statistics, Tableau","Business Analyst with experience in SQL, Statistics, Tableau. Seeking opportunities to leverage expertise."
Digital Marketer,"Facebook Ads, Content Marketing, SEO","Digital Marketer with experience in Facebook Ads, Content Marketing, SEO. Seeking opportunities to leverage expertise."
Business Analyst,"SQL, Tableau, Power BI, Excel, Data Visualization","Business Analyst with experience in SQL, Tableau, Power BI, Excel, Data Visualization. Seeking opportunities to leverage expertise."
Software Engineer,"AWS, Java, Docker, Spring Boot, Microservices","Software Engineer with experience in AWS, Java, Docker, Spring Boot, Microservices. Seeking opportunities to leverage expertise."
Digital Marketer,"Analytics, Content Marketing, SEO","Digital Marketer with experience in Analytics, Content Marketing, SEO. Seeking opportunities to leverage expertise."
HR Manager,"Employee Relations, Training & Development, Compliance, Payroll, Recruitment","HR Manager with experience in Employee Relations, Training & Development, Compliance, Payroll, Recruitment. Seeking opportunities to leverage expertise."
Cybersecurity Analyst,"Penetration Testing, Encryption, Network Security, Firewalls","Cybersecurity Analyst with experience in Penetration Testing, Encryption, Network Security, Firewalls. Seeking opportunities to leverage expertise."
Cybersecurity Analyst,"SIEM, Firewalls, Network Security","Cybersecurity Analyst with experience in SIEM, Firewalls, Network Security. Seeking opportunities to leverage expertise."
Data Scientist,"SQL, Python, Pandas, TensorFlow","Data Scientist with experience in SQL, Python, Pandas, TensorFlow. Seeking opportunities to leverage expertise."
Cybersecurity Analyst,"Penetration Testing, SIEM, Network Security, Encryption, Firewalls","Cybersecurity Analyst with experience in Penetration Testing, SIEM, Network Security, Encryption, Firewalls. Seeking opportunities to leverage expertise."
Cybersecurity Analyst,"Firewalls, Network Security, Encryption, Penetration Testing, SIEM","Cybersecurity Analyst with experience in Firewalls, Network Security, Encryption, Penetration Testing, SIEM. Seeking opportunities to leverage expertise."
UI/UX Designer,"Figma, Prototyping, User Research, Adobe XD","UI/UX Designer with experience in Figma, Prototyping, User Research, Adobe XD. Seeking opportunities to leverage expertise."
Business Analyst,"Statistics, Excel, Power BI, SQL","Business Analyst with experience in Statistics, Excel, Power BI, SQL. Seeking opportunities to leverage expertise."
HR Manager,"Recruitment, Compliance, Payroll, Training & Development, Employee Relations","HR Manager with experience in Recruitment, Compliance, Payroll, Training & Development, Employee Relations. Seeking opportunities to leverage expertise."
DevOps Engineer,"Linux, Kubernetes, Terraform, AWS, CI/CD","DevOps Engineer with experience in Linux, Kubernetes, Terraform, AWS, CI/CD. Seeking opportunities to leverage expertise."
Digital Marketer,"Content Marketing, SEO, Google Ads","Digital Marketer with experience in Content Marketing, SEO, Google Ads. Seeking opportunities to leverage expertise."
Digital Marketer,"Facebook Ads, Content Marketing, SEO, Analytics","Digital Marketer with experience in Facebook Ads, Content Marketing, SEO, Analytics. Seeking opportunities to leverage expertise."
UI/UX Designer,"Adobe XD, User Research, Wireframing","UI/UX Designer with experience in Adobe XD, User Research, Wireframing. Seeking opportunities to leverage expertise."
Software Engineer,"Docker, Python, AWS, Java","Software Engineer with experience in Docker, Python, AWS, Java. Seeking opportunities to leverage expertise."
Digital Marketer,"Facebook Ads, Analytics, Google Ads, SEO, Content Marketing","Digital Marketer with experience in Facebook Ads, Analytics, Google Ads, SEO, Content Marketing. Seeking opportunities to leverage expertise."
DevOps Engineer,"AWS, Kubernetes, CI/CD","DevOps Engineer with experience in AWS, Kubernetes, CI/CD. Seeking opportunities to leverage expertise."
Software Engineer,"AWS, Spring Boot, Docker, Microservices","Software Engineer with experience in AWS, Spring Boot, Docker, Microservices. Seeking opportunities to leverage expertise."
UI/UX Designer,"Adobe XD, Wireframing, Figma, User Research, Prototyping","UI/UX Designer with experience in Adobe XD, Wireframing, Figma, User Research, Prototyping. Seeking opportunities to leverage expertise."
Data Scientist,"Pandas, Python, SQL, Machine Learning","Data Scientist with experience in Pandas, Python, SQL, Machine Learning. Seeking opportunities to leverage expertise."
Data Scientist,"TensorFlow, Deep Learning, Pandas, Python","Data Scientist with experience in TensorFlow, Deep Learning, Pandas, Python. Seeking opportunities to leverage expertise."
HR Manager,"Employee Relations, Training & Development, Recruitment","HR Manager with experience in Employee Relations, Training & Development, Recruitment. Seeking opportunities to leverage expertise."
Data Scientist,"TensorFlow, Pandas, Deep Learning, SQL","Data Scientist with experience in TensorFlow, Pandas, Deep Learning, SQL. Seeking opportunities to leverage expertise."
Software Engineer,"Java, Python, Docker","Software Engineer with experience in Java, Python, Docker. Seeking opportunities to leverage expertise."
Digital Marketer,"SEO, Analytics, Google Ads, Content Marketing","Digital Marketer with experience in SEO, Analytics, Google Ads, Content Marketing. Seeking opportunities to leverage expertise."
Data Scientist,"TensorFlow, Deep Learning, Python, SQL, Machine Learning","Data Scientist with experience in TensorFlow, Deep Learning, Python, SQL, Machine Learning. Seeking opportunities to leverage expertise."
Business Analyst,"Statistics, Power BI, SQL","Business Analyst with experience in Statistics, Power BI, SQL. Seeking opportunities to leverage expertise."
Software Engineer,"Microservices, Python, Spring Boot, AWS","Software Engineer with experience in Microservices, Python, Spring Boot, AWS. Seeking opportunities to leverage expertise."
Software Engineer,"Spring Boot, AWS, Microservices","Software Engineer with experience in Spring Boot, AWS, Microservices. Seeking opportunities to leverage expertise."
